url_path,views_total,views_unique
/Olliroxx/surviv.py/search,20,1
/Olliroxx/surviv.py/tree/master/docs/source/surviv.io/gamews/packets,15,1
/Olliroxx/surviv.py,8,2
/Olliroxx/surviv.py/blob/master/docs/source/surviv.io/gamews/packets/battle_results.rst,4,1
/Olliroxx/surviv.py/blob/06ef285a45ac2651d0973430477a1126ba20178e/src/survivpy_net/ingame.py,3,1
/Olliroxx/surviv.py/blob/master/docs/source/surviv.io/gamews/packets/ad_status.rst,3,1
/Olliroxx/surviv.py/blob/master/docs/source/surviv.io/gamews/packets/game_over.rst,3,1
/Olliroxx/surviv.py/blob/master/docs/source/surviv.io/teamws/index.rst,3,1
/Olliroxx/surviv.py/tree/master/docs/source,3,1
/Olliroxx/surviv.py/tree/master/docs/source/surviv.io,3,1
